Row,Column
6,132
6,133
6,134
6,135
7,132
7,133
7,134
7,135
7,136
7,137
7,138
7,139
8,132
8,133
8,134
8,135
8,136
8,137
8,138
8,139
9,131
9,132
9,133
9,134
9,135
9,136
9,137
9,138
9,139
10,131
10,132
10,133
10,134
10,135
10,136
10,137
10,138
10,139
11,131
11,132
11,133
11,134
11,135
11,136
11,137
11,138
12,130
12,131
12,132
12,133
12,134
12,135
12,136
12,137
12,138
13,130
13,131
13,132
13,133
13,134
13,135
13,136
13,137
14,130
14,131
14,132
14,133
14,134
14,135
14,136
14,137
15,129
15,130
15,131
15,132
15,133
15,134
15,135
15,136
15,137
16,129
16,130
16,131
16,132
16,133
16,134
16,135
16,136
16,137
17,127
17,128
17,129
17,130
17,131
17,132
17,133
17,134
17,135
17,136
18,126
18,127
18,128
18,129
18,130
18,131
18,132
18,133
18,134
18,135
18,136
19,124
19,125
19,126
19,127
19,128
19,129
19,130
19,131
19,132
19,133
19,134
19,135
19,136
20,123
20,124
20,125
20,126
20,127
20,128
20,129
20,130
20,131
20,132
20,133
20,134
20,135
21,122
21,123
21,124
21,125
21,126
21,127
21,128
21,129
21,130
21,131
21,132
21,133
21,134
21,135
22,121
22,122
22,123
22,124
22,125
22,126
22,127
22,128
22,129
22,130
22,131
22,132
22,133
22,134
22,135
22,136
23,119
23,120
23,121
23,122
23,123
23,124
23,125
23,126
23,127
23,128
23,129
23,130
23,131
23,132
23,133
23,134
23,135
23,136
24,119
24,120
24,121
24,122
24,123
24,124
24,125
24,126
24,127
24,128
24,129
24,130
24,131
24,132
24,133
24,134
24,135
24,136
25,119
25,120
25,121
25,122
25,123
25,124
25,125
25,126
25,127
25,128
25,129
25,130
25,131
25,132
25,133
25,134
25,135
25,136
26,118
26,119
26,120
26,121
26,122
26,123
26,124
26,125
26,126
26,127
26,128
26,129
26,130
26,131
26,132
26,133
26,134
26,135
26,136
27,118
27,119
27,120
27,121
27,122
27,123
27,124
27,125
27,126
27,127
27,128
27,129
27,130
27,131
27,132
27,133
27,134
27,135
27,136
27,137
28,117
28,118
28,119
28,120
28,121
28,122
28,123
28,124
28,125
28,126
28,127
28,128
28,129
28,130
28,131
28,132
28,133
28,134
28,135
28,136
28,137
29,117
29,118
29,119
29,120
29,121
29,122
29,123
29,124
29,125
29,126
29,127
29,128
29,129
29,130
29,131
29,132
29,133
29,134
29,135
29,136
29,137
30,117
30,118
30,119
30,120
30,121
30,122
30,123
30,124
30,125
30,126
30,127
30,128
30,129
30,130
30,131
30,132
30,133
30,134
30,135
30,136
30,137
31,117
31,118
31,119
31,120
31,121
31,122
31,123
31,124
31,125
31,126
31,127
31,128
31,129
31,130
31,131
31,132
31,133
31,134
31,135
31,136
31,137
32,116
32,117
32,118
32,119
32,120
32,121
32,122
32,123
32,124
32,125
32,126
32,127
32,128
32,129
32,130
32,131
32,132
32,133
32,134
32,135
32,136
32,137
32,138
33,115
33,116
33,117
33,118
33,119
33,120
33,121
33,122
33,123
33,124
33,125
33,126
33,127
33,128
33,129
33,130
33,131
33,132
33,133
33,134
33,135
33,136
33,137
33,138
34,111
34,112
34,113
34,114
34,115
34,116
34,117
34,118
34,119
34,120
34,121
34,122
34,123
34,124
34,125
34,126
34,127
34,128
34,129
34,130
34,131
34,132
34,133
34,134
34,135
34,136
34,137
34,138
35,110
35,111
35,112
35,113
35,114
35,115
35,116
35,117
35,118
35,119
35,120
35,121
35,122
35,123
35,124
35,125
35,126
35,127
35,128
35,129
35,130
35,131
35,132
35,133
35,134
35,135
35,136
35,137
35,138
36,110
36,111
36,112
36,113
36,114
36,115
36,116
36,117
36,118
36,119
36,120
36,121
36,122
36,123
36,124
36,125
36,126
36,127
36,128
36,129
36,130
36,131
36,132
36,133
36,134
36,135
36,136
36,137
36,138
37,109
37,110
37,111
37,112
37,113
37,114
37,115
37,116
37,117
37,118
37,119
37,120
37,121
37,122
37,123
37,124
37,125
37,126
37,127
37,128
37,129
37,130
37,131
37,132
37,133
37,134
37,135
37,136
37,137
37,138
38,109
38,110
38,111
38,112
38,113
38,114
38,115
38,116
38,117
38,118
38,119
38,120
38,121
38,122
38,123
38,124
38,125
38,126
38,127
38,128
38,129
38,130
38,131
38,132
38,133
38,134
38,135
38,136
38,137
38,138
38,139
39,109
39,110
39,111
39,112
39,113
39,114
39,115
39,116
39,117
39,118
39,119
39,120
39,121
39,122
39,123
39,124
39,125
39,126
39,127
39,128
39,129
39,130
39,131
39,132
39,133
39,134
39,135
39,136
39,137
39,138
39,139
40,109
40,110
40,111
40,112
40,113
40,114
40,115
40,116
40,117
40,118
40,119
40,120
40,121
40,122
40,123
40,124
40,125
40,126
40,127
40,128
40,129
40,130
40,131
40,132
40,133
40,134
40,135
40,136
40,137
40,138
40,139
41,109
41,110
41,111
41,112
41,113
41,114
41,115
41,116
41,117
41,118
41,119
41,120
41,121
41,122
41,123
41,124
41,125
41,126
41,127
41,128
41,129
41,130
41,131
41,132
41,133
41,134
41,135
41,136
41,137
41,138
41,139
42,109
42,110
42,111
42,112
42,113
42,114
42,115
42,116
42,117
42,118
42,119
42,120
42,121
42,122
42,123
42,124
42,125
42,126
42,127
42,128
42,129
42,130
42,131
42,132
42,133
42,134
42,135
42,136
42,137
42,138
42,139
43,108
43,109
43,110
43,111
43,112
43,113
43,114
43,115
43,116
43,117
43,118
43,119
43,120
43,121
43,122
43,123
43,124
43,125
43,126
43,127
43,128
43,129
43,130
43,131
43,132
43,133
43,134
43,135
43,136
43,137
43,138
43,139
44,107
44,108
44,109
44,110
44,111
44,112
44,113
44,114
44,115
44,116
44,117
44,118
44,119
44,120
44,121
44,122
44,123
44,124
44,125
44,126
44,127
44,128
44,129
44,130
44,131
44,132
44,133
44,134
44,135
44,136
44,137
44,138
44,139
45,107
45,108
45,109
45,110
45,111
45,112
45,113
45,114
45,115
45,116
45,117
45,118
45,119
45,120
45,121
45,122
45,123
45,124
45,125
45,126
45,127
45,128
45,129
45,130
45,131
45,132
45,133
45,134
45,135
45,136
45,137
45,138
45,139
46,106
46,107
46,108
46,109
46,110
46,111
46,112
46,113
46,114
46,115
46,116
46,117
46,118
46,119
46,120
46,121
46,122
46,123
46,124
46,125
46,126
46,127
46,128
46,129
46,130
46,131
46,132
46,133
46,134
46,135
46,136
46,137
46,138
46,139
47,104
47,105
47,106
47,107
47,108
47,109
47,110
47,111
47,112
47,113
47,114
47,115
47,116
47,117
47,118
47,119
47,120
47,121
47,122
47,123
47,124
47,125
47,126
47,127
47,128
47,129
47,130
47,131
47,132
47,133
47,134
47,135
47,136
47,137
47,138
47,139
47,140
48,104
48,105
48,106
48,107
48,108
48,109
48,110
48,111
48,112
48,113
48,114
48,115
48,116
48,117
48,118
48,119
48,120
48,121
48,122
48,123
48,124
48,125
48,126
48,127
48,128
48,129
48,130
48,131
48,132
48,133
48,134
48,135
48,136
48,137
48,138
48,139
48,140
48,141
49,103
49,104
49,105
49,106
49,107
49,108
49,109
49,110
49,111
49,112
49,113
49,114
49,115
49,116
49,117
49,118
49,119
49,120
49,121
49,122
49,123
49,124
49,125
49,126
49,127
49,128
49,129
49,130
49,131
49,132
49,133
49,134
49,135
49,136
49,137
49,138
49,139
49,140
50,103
50,104
50,105
50,106
50,107
50,108
50,109
50,110
50,111
50,112
50,113
50,114
50,115
50,116
50,117
50,118
50,119
50,120
50,121
50,122
50,123
50,124
50,125
50,126
50,127
50,128
50,129
50,130
50,131
50,132
50,133
50,134
50,135
50,136
50,137
50,138
51,103
51,104
51,105
51,106
51,107
51,108
51,109
51,110
51,111
51,112
51,113
51,114
51,115
51,116
51,117
51,118
51,119
51,120
51,121
51,122
51,123
51,124
51,125
51,126
51,127
51,128
51,129
51,130
51,131
51,132
51,133
51,134
51,135
51,136
52,103
52,104
52,105
52,106
52,107
52,108
52,109
52,110
52,111
52,112
52,113
52,114
52,115
52,116
52,117
52,118
52,119
52,120
52,121
52,122
52,123
52,124
52,125
52,126
52,127
52,128
52,129
52,130
52,131
52,132
52,133
52,134
52,135
52,136
53,104
53,105
53,106
53,107
53,108
53,109
53,110
53,111
53,112
53,113
53,114
53,115
53,116
53,117
53,118
53,119
53,120
53,121
53,122
53,123
53,124
53,125
53,126
53,127
53,128
53,129
53,130
53,131
53,132
53,133
53,134
53,135
53,136
54,105
54,106
54,107
54,108
54,109
54,110
54,111
54,112
54,113
54,114
54,115
54,116
54,117
54,118
54,119
54,120
54,121
54,122
54,123
54,124
54,125
54,126
54,127
54,128
54,129
54,130
54,131
54,132
54,133
54,134
54,135
55,106
55,107
55,108
55,109
55,110
55,111
55,112
55,113
55,114
55,115
55,116
55,117
55,118
55,119
55,120
55,121
55,122
55,123
55,124
55,125
55,126
55,127
55,128
55,129
55,130
55,131
55,132
55,133
55,134
55,135
56,107
56,108
56,109
56,110
56,111
56,112
56,113
56,114
56,115
56,116
56,117
56,118
56,119
56,120
56,121
56,122
56,123
56,124
56,125
56,126
56,127
56,128
56,129
56,130
56,131
56,132
56,133
56,134
57,108
57,109
57,110
57,111
57,112
57,113
57,114
57,115
57,116
57,117
57,118
57,119
57,120
57,121
57,122
57,123
57,124
57,125
57,126
57,127
57,128
57,129
57,130
57,131
57,132
57,133
57,134
58,109
58,110
58,111
58,112
58,113
58,114
58,115
58,116
58,117
58,118
58,119
58,120
58,121
58,122
58,123
58,124
58,125
58,126
58,127
58,128
58,129
58,130
58,131
58,132
58,133
59,110
59,111
59,112
59,113
59,114
59,115
59,116
59,117
59,118
59,119
59,120
59,121
59,122
59,123
59,124
59,125
59,126
59,127
59,128
59,129
59,130
59,131
59,132
60,110
60,111
60,112
60,113
60,114
60,115
60,116
60,117
60,118
60,119
60,120
60,121
60,122
60,123
60,124
60,125
60,126
60,127
60,128
60,129
60,130
60,131
61,110
61,111
61,112
61,113
61,114
61,115
61,116
61,117
61,118
61,119
61,120
61,121
61,122
61,123
61,124
61,125
61,126
61,127
61,128
61,129
61,130
62,109
62,110
62,111
62,112
62,113
62,114
62,115
62,116
62,117
62,118
62,119
62,120
62,121
62,122
62,123
62,124
62,125
62,126
62,127
62,128
63,109
63,110
63,111
63,112
63,113
63,114
63,115
63,116
63,117
63,118
63,119
63,120
63,121
63,122
63,123
63,124
63,125
63,126
63,127
64,109
64,110
64,111
64,112
64,113
64,114
64,115
64,116
64,117
64,118
64,119
64,120
64,121
64,122
64,123
64,124
64,125
64,126
65,109
65,110
65,111
65,112
65,113
65,114
65,115
65,116
65,117
65,118
65,119
65,120
65,121
65,122
65,123
65,124
66,108
66,109
66,110
66,111
66,112
66,113
66,114
66,115
66,116
66,117
66,118
66,119
66,120
66,121
66,122
66,123
67,108
67,109
67,110
67,111
67,112
67,113
67,114
67,115
67,116
67,117
67,118
67,119
67,120
67,121
67,122
68,108
68,109
68,110
68,111
68,112
68,113
68,114
68,115
68,116
68,117
68,118
68,119
68,120
69,108
69,109
69,110
69,111
69,112
69,113
69,114
69,115
69,116
69,117
69,118
69,119
69,120
70,107
70,108
70,109
70,110
70,111
70,112
70,113
70,114
70,115
70,116
70,117
70,118
70,119
71,106
71,107
71,108
71,109
71,110
71,111
71,112
71,113
71,114
71,115
71,116
71,117
71,118
71,119
72,105
72,106
72,107
72,108
72,109
72,110
72,111
72,112
72,113
72,114
72,115
72,116
72,117
72,118
72,119
73,104
73,105
73,106
73,107
73,108
73,109
73,110
73,111
73,112
73,113
73,114
73,115
73,116
73,117
73,118
73,119
74,104
74,105
74,106
74,107
74,108
74,109
74,110
74,111
74,112
74,113
74,114
74,115
74,116
74,117
74,118
75,104
75,105
75,106
75,107
75,108
75,109
75,110
75,111
75,112
75,113
75,114
75,115
75,116
75,117
75,118
76,103
76,104
76,105
76,106
76,107
76,108
76,109
76,110
76,111
76,112
76,113
76,114
76,115
76,116
76,117
77,102
77,103
77,104
77,105
77,106
77,107
77,108
77,109
77,110
77,111
77,112
77,113
77,114
77,115
78,101
78,102
78,103
78,104
78,105
78,106
78,107
78,108
78,109
78,110
78,111
78,112
78,113
78,114
78,115
79,100
79,101
79,102
79,103
79,104
79,105
79,106
79,107
79,108
79,109
79,110
79,111
79,112
79,113
79,114
80,100
80,101
80,102
80,103
80,104
80,105
80,106
80,107
80,108
80,109
80,110
80,111
80,112
80,113
81,99
81,100
81,101
81,102
81,103
81,104
81,105
81,106
81,107
81,108
81,109
81,110
81,111
81,112
82,99
82,100
82,101
82,102
82,103
82,104
82,105
82,106
82,107
82,108
82,109
82,110
82,111
83,99
83,100
83,101
83,102
83,103
83,104
83,105
83,106
83,107
83,108
83,109
84,99
84,100
84,101
84,102
84,103
84,104
84,105
84,106
84,107
85,99
85,100
85,101
85,102
85,103
85,104
85,105
86,100
86,101
86,102
86,103
86,104
87,100
87,101
87,102
